comment,word,brand
pepsi is in pakistan,pepsi,pepsi
pepsi is in pakistan,is,pepsi
pepsi is in pakistan,in,pepsi
pepsi is in pakistan,pakistan,pepsi
bro all these comments are from people crying cause they can39t eat oreos no more,bro,bro
bro all these comments are from people crying cause they can39t eat oreos no more,all,bro
bro all these comments are from people crying cause they can39t eat oreos no more,these,bro
bro all these comments are from people crying cause they can39t eat oreos no more,comments,bro
bro all these comments are from people crying cause they can39t eat oreos no more,are,bro
bro all these comments are from people crying cause they can39t eat oreos no more,from,bro
bro all these comments are from people crying cause they can39t eat oreos no more,people,bro
bro all these comments are from people crying cause they can39t eat oreos no more,crying,bro
bro all these comments are from people crying cause they can39t eat oreos no more,cause,bro
bro all these comments are from people crying cause they can39t eat oreos no more,they,bro
bro all these comments are from people crying cause they can39t eat oreos no more,can39t,bro
bro all these comments are from people crying cause they can39t eat oreos no more,eat,bro
bro all these comments are from people crying cause they can39t eat oreos no more,oreos,bro
bro all these comments are from people crying cause they can39t eat oreos no more,no,bro
bro all these comments are from people crying cause they can39t eat oreos no more,more,bro
does nike supports,does,nike
does nike supports,nike,nike
does nike supports,supports,nike
where are dell microsoft and apple,where,microsoft
where are dell microsoft and apple,are,microsoft
where are dell microsoft and apple,dell,microsoft
where are dell microsoft and apple,microsoft,microsoft
where are dell microsoft and apple,and,microsoft
where are dell microsoft and apple,apple,microsoft
can we buy vaseline and nivea,can,nivea
can we buy vaseline and nivea,we,nivea
can we buy vaseline and nivea,buy,nivea
can we buy vaseline and nivea,vaseline,nivea
can we buy vaseline and nivea,and,nivea
can we buy vaseline and nivea,nivea,nivea
ya allah please fulfill the wishes of all insan all humanity in this world syukur alhamdulillah,ya,alhamdulillah
ya allah please fulfill the wishes of all insan all humanity in this world syukur alhamdulillah,allah,alhamdulillah
ya allah please fulfill the wishes of all insan all humanity in this world syukur alhamdulillah,please,alhamdulillah
ya allah please fulfill the wishes of all insan all humanity in this world syukur alhamdulillah,fulfill,alhamdulillah
ya allah please fulfill the wishes of all insan all humanity in this world syukur alhamdulillah,the,alhamdulillah
ya allah please fulfill the wishes of all insan all humanity in this world syukur alhamdulillah,wishes,alhamdulillah
ya allah please fulfill the wishes of all insan all humanity in this world syukur alhamdulillah,of,alhamdulillah
ya allah please fulfill the wishes of all insan all humanity in this world syukur alhamdulillah,all,alhamdulillah
ya allah please fulfill the wishes of all insan all humanity in this world syukur alhamdulillah,insan,alhamdulillah
ya allah please fulfill the wishes of all insan all humanity in this world syukur alhamdulillah,all,alhamdulillah
ya allah please fulfill the wishes of all insan all humanity in this world syukur alhamdulillah,humanity,alhamdulillah
ya allah please fulfill the wishes of all insan all humanity in this world syukur alhamdulillah,in,alhamdulillah
ya allah please fulfill the wishes of all insan all humanity in this world syukur alhamdulillah,this,alhamdulillah
ya allah please fulfill the wishes of all insan all humanity in this world syukur alhamdulillah,world,alhamdulillah
ya allah please fulfill the wishes of all insan all humanity in this world syukur alhamdulillah,syukur,alhamdulillah
ya allah please fulfill the wishes of all insan all humanity in this world syukur alhamdulillah,alhamdulillah,alhamdulillah
googleyoutubeinstagramwhatsapp amp support zionis,googleyoutubeinstagramwhatsapp,googleyoutubeinstagramwhatsapp
googleyoutubeinstagramwhatsapp amp support zionis,amp,googleyoutubeinstagramwhatsapp
googleyoutubeinstagramwhatsapp amp support zionis,support,googleyoutubeinstagramwhatsapp
googleyoutubeinstagramwhatsapp amp support zionis,zionis,googleyoutubeinstagramwhatsapp
boycott boycott boycott brpuisque les puissants sont complices  notre chelle on doit agirbrfree palestine tous ceux qui ont un coeur te soutiennent,boycott,notre chelle
boycott boycott boycott brpuisque les puissants sont complices  notre chelle on doit agirbrfree palestine tous ceux qui ont un coeur te soutiennent,boycott,doit agirbrfree palestine tous ceux qui ont
boycott boycott boycott brpuisque les puissants sont complices  notre chelle on doit agirbrfree palestine tous ceux qui ont un coeur te soutiennent,boycott,un
boycott boycott boycott brpuisque les puissants sont complices  notre chelle on doit agirbrfree palestine tous ceux qui ont un coeur te soutiennent,boycott,notre chelle
boycott boycott boycott brpuisque les puissants sont complices  notre chelle on doit agirbrfree palestine tous ceux qui ont un coeur te soutiennent,boycott,doit agirbrfree palestine tous ceux qui ont
boycott boycott boycott brpuisque les puissants sont complices  notre chelle on doit agirbrfree palestine tous ceux qui ont un coeur te soutiennent,boycott,un
boycott boycott boycott brpuisque les puissants sont complices  notre chelle on doit agirbrfree palestine tous ceux qui ont un coeur te soutiennent,boycott,notre chelle
boycott boycott boycott brpuisque les puissants sont complices  notre chelle on doit agirbrfree palestine tous ceux qui ont un coeur te soutiennent,boycott,doit agirbrfree palestine tous ceux qui ont
boycott boycott boycott brpuisque les puissants sont complices  notre chelle on doit agirbrfree palestine tous ceux qui ont un coeur te soutiennent,boycott,un
boycott boycott boycott brpuisque les puissants sont complices  notre chelle on doit agirbrfree palestine tous ceux qui ont un coeur te soutiennent,brpuisque,notre chelle
boycott boycott boycott brpuisque les puissants sont complices  notre chelle on doit agirbrfree palestine tous ceux qui ont un coeur te soutiennent,brpuisque,doit agirbrfree palestine tous ceux qui ont
boycott boycott boycott brpuisque les puissants sont complices  notre chelle on doit agirbrfree palestine tous ceux qui ont un coeur te soutiennent,brpuisque,un
boycott boycott boycott brpuisque les puissants sont complices  notre chelle on doit agirbrfree palestine tous ceux qui ont un coeur te soutiennent,les,notre chelle
boycott boycott boycott brpuisque les puissants sont complices  notre chelle on doit agirbrfree palestine tous ceux qui ont un coeur te soutiennent,les,doit agirbrfree palestine tous ceux qui ont
boycott boycott boycott brpuisque les puissants sont complices  notre chelle on doit agirbrfree palestine tous ceux qui ont un coeur te soutiennent,les,un
boycott boycott boycott brpuisque les puissants sont complices  notre chelle on doit agirbrfree palestine tous ceux qui ont un coeur te soutiennent,puissants,notre chelle
boycott boycott boycott brpuisque les puissants sont complices  notre chelle on doit agirbrfree palestine tous ceux qui ont un coeur te soutiennent,puissants,doit agirbrfree palestine tous ceux qui ont
boycott boycott boycott brpuisque les puissants sont complices  notre chelle on doit agirbrfree palestine tous ceux qui ont un coeur te soutiennent,puissants,un
boycott boycott boycott brpuisque les puissants sont complices  notre chelle on doit agirbrfree palestine tous ceux qui ont un coeur te soutiennent,sont,notre chelle
boycott boycott boycott brpuisque les puissants sont complices  notre chelle on doit agirbrfree palestine tous ceux qui ont un coeur te soutiennent,sont,doit agirbrfree palestine tous ceux qui ont
boycott boycott boycott brpuisque les puissants sont complices  notre chelle on doit agirbrfree palestine tous ceux qui ont un coeur te soutiennent,sont,un
boycott boycott boycott brpuisque les puissants sont complices  notre chelle on doit agirbrfree palestine tous ceux qui ont un coeur te soutiennent,complices,notre chelle
boycott boycott boycott brpuisque les puissants sont complices  notre chelle on doit agirbrfree palestine tous ceux qui ont un coeur te soutiennent,complices,doit agirbrfree palestine tous ceux qui ont
boycott boycott boycott brpuisque les puissants sont complices  notre chelle on doit agirbrfree palestine tous ceux qui ont un coeur te soutiennent,complices,un
boycott boycott boycott brpuisque les puissants sont complices  notre chelle on doit agirbrfree palestine tous ceux qui ont un coeur te soutiennent,"",notre chelle
boycott boycott boycott brpuisque les puissants sont complices  notre chelle on doit agirbrfree palestine tous ceux qui ont un coeur te soutiennent,"",doit agirbrfree palestine tous ceux qui ont
boycott boycott boycott brpuisque les puissants sont complices  notre chelle on doit agirbrfree palestine tous ceux qui ont un coeur te soutiennent,"",un
boycott boycott boycott brpuisque les puissants sont complices  notre chelle on doit agirbrfree palestine tous ceux qui ont un coeur te soutiennent,notre,notre chelle
boycott boycott boycott brpuisque les puissants sont complices  notre chelle on doit agirbrfree palestine tous ceux qui ont un coeur te soutiennent,notre,doit agirbrfree palestine tous ceux qui ont
boycott boycott boycott brpuisque les puissants sont complices  notre chelle on doit agirbrfree palestine tous ceux qui ont un coeur te soutiennent,notre,un
boycott boycott boycott brpuisque les puissants sont complices  notre chelle on doit agirbrfree palestine tous ceux qui ont un coeur te soutiennent,chelle,notre chelle
boycott boycott boycott brpuisque les puissants sont complices  notre chelle on doit agirbrfree palestine tous ceux qui ont un coeur te soutiennent,chelle,doit agirbrfree palestine tous ceux qui ont
boycott boycott boycott brpuisque les puissants sont complices  notre chelle on doit agirbrfree palestine tous ceux qui ont un coeur te soutiennent,chelle,un
boycott boycott boycott brpuisque les puissants sont complices  notre chelle on doit agirbrfree palestine tous ceux qui ont un coeur te soutiennent,on,notre chelle
boycott boycott boycott brpuisque les puissants sont complices  notre chelle on doit agirbrfree palestine tous ceux qui ont un coeur te soutiennent,on,doit agirbrfree palestine tous ceux qui ont
boycott boycott boycott brpuisque les puissants sont complices  notre chelle on doit agirbrfree palestine tous ceux qui ont un coeur te soutiennent,on,un
boycott boycott boycott brpuisque les puissants sont complices  notre chelle on doit agirbrfree palestine tous ceux qui ont un coeur te soutiennent,doit,notre chelle
boycott boycott boycott brpuisque les puissants sont complices  notre chelle on doit agirbrfree palestine tous ceux qui ont un coeur te soutiennent,doit,doit agirbrfree palestine tous ceux qui ont
boycott boycott boycott brpuisque les puissants sont complices  notre chelle on doit agirbrfree palestine tous ceux qui ont un coeur te soutiennent,doit,un
boycott boycott boycott brpuisque les puissants sont complices  notre chelle on doit agirbrfree palestine tous ceux qui ont un coeur te soutiennent,agirbrfree,notre chelle
boycott boycott boycott brpuisque les puissants sont complices  notre chelle on doit agirbrfree palestine tous ceux qui ont un coeur te soutiennent,agirbrfree,doit agirbrfree palestine tous ceux qui ont
boycott boycott boycott brpuisque les puissants sont complices  notre chelle on doit agirbrfree palestine tous ceux qui ont un coeur te soutiennent,agirbrfree,un
boycott boycott boycott brpuisque les puissants sont complices  notre chelle on doit agirbrfree palestine tous ceux qui ont un coeur te soutiennent,palestine,notre chelle
boycott boycott boycott brpuisque les puissants sont complices  notre chelle on doit agirbrfree palestine tous ceux qui ont un coeur te soutiennent,palestine,doit agirbrfree palestine tous ceux qui ont
boycott boycott boycott brpuisque les puissants sont complices  notre chelle on doit agirbrfree palestine tous ceux qui ont un coeur te soutiennent,palestine,un
boycott boycott boycott brpuisque les puissants sont complices  notre chelle on doit agirbrfree palestine tous ceux qui ont un coeur te soutiennent,tous,notre chelle
boycott boycott boycott brpuisque les puissants sont complices  notre chelle on doit agirbrfree palestine tous ceux qui ont un coeur te soutiennent,tous,doit agirbrfree palestine tous ceux qui ont
boycott boycott boycott brpuisque les puissants sont complices  notre chelle on doit agirbrfree palestine tous ceux qui ont un coeur te soutiennent,tous,un
boycott boycott boycott brpuisque les puissants sont complices  notre chelle on doit agirbrfree palestine tous ceux qui ont un coeur te soutiennent,ceux,notre chelle
boycott boycott boycott brpuisque les puissants sont complices  notre chelle on doit agirbrfree palestine tous ceux qui ont un coeur te soutiennent,ceux,doit agirbrfree palestine tous ceux qui ont
boycott boycott boycott brpuisque les puissants sont complices  notre chelle on doit agirbrfree palestine tous ceux qui ont un coeur te soutiennent,ceux,un
boycott boycott boycott brpuisque les puissants sont complices  notre chelle on doit agirbrfree palestine tous ceux qui ont un coeur te soutiennent,qui,notre chelle
boycott boycott boycott brpuisque les puissants sont complices  notre chelle on doit agirbrfree palestine tous ceux qui ont un coeur te soutiennent,qui,doit agirbrfree palestine tous ceux qui ont
boycott boycott boycott brpuisque les puissants sont complices  notre chelle on doit agirbrfree palestine tous ceux qui ont un coeur te soutiennent,qui,un
boycott boycott boycott brpuisque les puissants sont complices  notre chelle on doit agirbrfree palestine tous ceux qui ont un coeur te soutiennent,ont,notre chelle
boycott boycott boycott brpuisque les puissants sont complices  notre chelle on doit agirbrfree palestine tous ceux qui ont un coeur te soutiennent,ont,doit agirbrfree palestine tous ceux qui ont
boycott boycott boycott brpuisque les puissants sont complices  notre chelle on doit agirbrfree palestine tous ceux qui ont un coeur te soutiennent,ont,un
boycott boycott boycott brpuisque les puissants sont complices  notre chelle on doit agirbrfree palestine tous ceux qui ont un coeur te soutiennent,un,notre chelle
boycott boycott boycott brpuisque les puissants sont complices  notre chelle on doit agirbrfree palestine tous ceux qui ont un coeur te soutiennent,un,doit agirbrfree palestine tous ceux qui ont
boycott boycott boycott brpuisque les puissants sont complices  notre chelle on doit agirbrfree palestine tous ceux qui ont un coeur te soutiennent,un,un
boycott boycott boycott brpuisque les puissants sont complices  notre chelle on doit agirbrfree palestine tous ceux qui ont un coeur te soutiennent,coeur,notre chelle
boycott boycott boycott brpuisque les puissants sont complices  notre chelle on doit agirbrfree palestine tous ceux qui ont un coeur te soutiennent,coeur,doit agirbrfree palestine tous ceux qui ont
boycott boycott boycott brpuisque les puissants sont complices  notre chelle on doit agirbrfree palestine tous ceux qui ont un coeur te soutiennent,coeur,un
boycott boycott boycott brpuisque les puissants sont complices  notre chelle on doit agirbrfree palestine tous ceux qui ont un coeur te soutiennent,te,notre chelle
boycott boycott boycott brpuisque les puissants sont complices  notre chelle on doit agirbrfree palestine tous ceux qui ont un coeur te soutiennent,te,doit agirbrfree palestine tous ceux qui ont
boycott boycott boycott brpuisque les puissants sont complices  notre chelle on doit agirbrfree palestine tous ceux qui ont un coeur te soutiennent,te,un
boycott boycott boycott brpuisque les puissants sont complices  notre chelle on doit agirbrfree palestine tous ceux qui ont un coeur te soutiennent,soutiennent,notre chelle
boycott boycott boycott brpuisque les puissants sont complices  notre chelle on doit agirbrfree palestine tous ceux qui ont un coeur te soutiennent,soutiennent,doit agirbrfree palestine tous ceux qui ont
boycott boycott boycott brpuisque les puissants sont complices  notre chelle on doit agirbrfree palestine tous ceux qui ont un coeur te soutiennent,soutiennent,un
boycott boycott boycott brpuisque les puissants sont complices  notre chelle on doit agirbrfree palestine tous ceux qui ont un coeur te soutiennent,"",notre chelle
boycott boycott boycott brpuisque les puissants sont complices  notre chelle on doit agirbrfree palestine tous ceux qui ont un coeur te soutiennent,"",doit agirbrfree palestine tous ceux qui ont
boycott boycott boycott brpuisque les puissants sont complices  notre chelle on doit agirbrfree palestine tous ceux qui ont un coeur te soutiennent,"",un
put zara fashion and exxonmobil as well exxonmobil ceo said will never hire the students from campuses where active on palestine solidarity peace protest,put,palestine solidarity
put zara fashion and exxonmobil as well exxonmobil ceo said will never hire the students from campuses where active on palestine solidarity peace protest,zara,palestine solidarity
put zara fashion and exxonmobil as well exxonmobil ceo said will never hire the students from campuses where active on palestine solidarity peace protest,fashion,palestine solidarity
put zara fashion and exxonmobil as well exxonmobil ceo said will never hire the students from campuses where active on palestine solidarity peace protest,and,palestine solidarity
put zara fashion and exxonmobil as well exxonmobil ceo said will never hire the students from campuses where active on palestine solidarity peace protest,exxonmobil,palestine solidarity
put zara fashion and exxonmobil as well exxonmobil ceo said will never hire the students from campuses where active on palestine solidarity peace protest,as,palestine solidarity
put zara fashion and exxonmobil as well exxonmobil ceo said will never hire the students from campuses where active on palestine solidarity peace protest,well,palestine solidarity
put zara fashion and exxonmobil as well exxonmobil ceo said will never hire the students from campuses where active on palestine solidarity peace protest,exxonmobil,palestine solidarity
put zara fashion and exxonmobil as well exxonmobil ceo said will never hire the students from campuses where active on palestine solidarity peace protest,ceo,palestine solidarity
put zara fashion and exxonmobil as well exxonmobil ceo said will never hire the students from campuses where active on palestine solidarity peace protest,said,palestine solidarity
put zara fashion and exxonmobil as well exxonmobil ceo said will never hire the students from campuses where active on palestine solidarity peace protest,will,palestine solidarity
put zara fashion and exxonmobil as well exxonmobil ceo said will never hire the students from campuses where active on palestine solidarity peace protest,never,palestine solidarity
put zara fashion and exxonmobil as well exxonmobil ceo said will never hire the students from campuses where active on palestine solidarity peace protest,hire,palestine solidarity
put zara fashion and exxonmobil as well exxonmobil ceo said will never hire the students from campuses where active on palestine solidarity peace protest,the,palestine solidarity
put zara fashion and exxonmobil as well exxonmobil ceo said will never hire the students from campuses where active on palestine solidarity peace protest,students,palestine solidarity
put zara fashion and exxonmobil as well exxonmobil ceo said will never hire the students from campuses where active on palestine solidarity peace protest,from,palestine solidarity
put zara fashion and exxonmobil as well exxonmobil ceo said will never hire the students from campuses where active on palestine solidarity peace protest,campuses,palestine solidarity
put zara fashion and exxonmobil as well exxonmobil ceo said will never hire the students from campuses where active on palestine solidarity peace protest,where,palestine solidarity
put zara fashion and exxonmobil as well exxonmobil ceo said will never hire the students from campuses where active on palestine solidarity peace protest,active,palestine solidarity
put zara fashion and exxonmobil as well exxonmobil ceo said will never hire the students from campuses where active on palestine solidarity peace protest,on,palestine solidarity
put zara fashion and exxonmobil as well exxonmobil ceo said will never hire the students from campuses where active on palestine solidarity peace protest,palestine,palestine solidarity
put zara fashion and exxonmobil as well exxonmobil ceo said will never hire the students from campuses where active on palestine solidarity peace protest,solidarity,palestine solidarity
put zara fashion and exxonmobil as well exxonmobil ceo said will never hire the students from campuses where active on palestine solidarity peace protest,peace,palestine solidarity
put zara fashion and exxonmobil as well exxonmobil ceo said will never hire the students from campuses where active on palestine solidarity peace protest,protest,palestine solidarity
google and windows support israel,google,google
google and windows support israel,and,google
google and windows support israel,windows,google
google and windows support israel,support,google
google and windows support israel,israel,google
coca cola and pepsi gave me diabetes its not a coincidence that the same people produce the worlds only source of insuline,coca,pepsi
coca cola and pepsi gave me diabetes its not a coincidence that the same people produce the worlds only source of insuline,cola,pepsi
coca cola and pepsi gave me diabetes its not a coincidence that the same people produce the worlds only source of insuline,and,pepsi
coca cola and pepsi gave me diabetes its not a coincidence that the same people produce the worlds only source of insuline,pepsi,pepsi
coca cola and pepsi gave me diabetes its not a coincidence that the same people produce the worlds only source of insuline,gave,pepsi
coca cola and pepsi gave me diabetes its not a coincidence that the same people produce the worlds only source of insuline,me,pepsi
coca cola and pepsi gave me diabetes its not a coincidence that the same people produce the worlds only source of insuline,diabetes,pepsi
coca cola and pepsi gave me diabetes its not a coincidence that the same people produce the worlds only source of insuline,its,pepsi
coca cola and pepsi gave me diabetes its not a coincidence that the same people produce the worlds only source of insuline,not,pepsi
coca cola and pepsi gave me diabetes its not a coincidence that the same people produce the worlds only source of insuline,a,pepsi
coca cola and pepsi gave me diabetes its not a coincidence that the same people produce the worlds only source of insuline,coincidence,pepsi
coca cola and pepsi gave me diabetes its not a coincidence that the same people produce the worlds only source of insuline,that,pepsi
coca cola and pepsi gave me diabetes its not a coincidence that the same people produce the worlds only source of insuline,the,pepsi
coca cola and pepsi gave me diabetes its not a coincidence that the same people produce the worlds only source of insuline,same,pepsi
coca cola and pepsi gave me diabetes its not a coincidence that the same people produce the worlds only source of insuline,people,pepsi
coca cola and pepsi gave me diabetes its not a coincidence that the same people produce the worlds only source of insuline,produce,pepsi
coca cola and pepsi gave me diabetes its not a coincidence that the same people produce the worlds only source of insuline,the,pepsi
coca cola and pepsi gave me diabetes its not a coincidence that the same people produce the worlds only source of insuline,worlds,pepsi
coca cola and pepsi gave me diabetes its not a coincidence that the same people produce the worlds only source of insuline,only,pepsi
coca cola and pepsi gave me diabetes its not a coincidence that the same people produce the worlds only source of insuline,source,pepsi
coca cola and pepsi gave me diabetes its not a coincidence that the same people produce the worlds only source of insuline,of,pepsi
coca cola and pepsi gave me diabetes its not a coincidence that the same people produce the worlds only source of insuline,insuline,pepsi
